id,name,org_id,type,species,age,status,publish_date,status_changed_date,shots_current,org_name
45744961,Drummel,TX113,Scales_Fins_Other,Snake,Adult,adoptable,2019-08-26T02:50:39+0000,2019-08-26T02:50:39+0000,FALSE,Pets_Are_Us_Rescue
45744952,Red_tails,TX113,Scales_Fins_Other,Snake,Adult,adoptable,2019-08-26T02:44:56+0000,2019-08-26T02:44:56+0000,FALSE,Pets_Are_Us_Rescue
45744931,Ball_python_variety,TX113,Scales_Fins_Other,Snake,Adult,adoptable,2019-08-26T02:37:53+0000,2019-08-26T02:37:53+0000,FALSE,Pets_Are_Us_Rescue
45742806,Six_pack_puppies,TX113,Dog,Dog,Baby,adoptable,2019-08-25T20:46:49+0000,2019-08-25T20:46:49+0000,FALSE,Pets_Are_Us_Rescue
45739924,Bonnie_Chihuahua_Poodle_Shih_Tzu_mix,TX1193,Dog,Dog,Adult,adoptable,2019-08-25T13:51:17+0000,2019-08-25T13:51:17+0000,TRUE,Pawed_Squad
45734922,Ivan,TX633,Dog,Dog,Baby,adoptable,2019-08-24T19:34:23+0000,2019-08-24T19:34:23+0000,TRUE,Friends_of_the_Bowie_Animal_Shelter
45734900,Popeye,TX633,Dog,Dog,Adult,adoptable,2019-08-24T19:23:14+0000,2019-08-24T19:23:14+0000,TRUE,Friends_of_the_Bowie_Animal_Shelter
45734830,Orville,TX633,Dog,Dog,Young,adoptable,2019-08-24T19:18:12+0000,2019-08-24T19:18:12+0000,FALSE,Friends_of_the_Bowie_Animal_Shelter
45734659,Sandi,TX633,Dog,Dog,Senior,adoptable,2019-08-24T19:10:43+0000,2019-08-24T19:10:43+0000,TRUE,Friends_of_the_Bowie_Animal_Shelter
45734495,Sally,TX633,Dog,Dog,Adult,adoptable,2019-08-24T18:53:44+0000,2019-08-24T18:53:44+0000,TRUE,Friends_of_the_Bowie_Animal_Shelter
45734458,Aurora,TX633,Dog,Dog,Adult,adoptable,2019-08-24T18:49:16+0000,2019-08-24T18:49:16+0000,TRUE,Friends_of_the_Bowie_Animal_Shelter
45734442,Elias,TX633,Dog,Dog,Adult,adoptable,2019-08-24T18:42:41+0000,2019-08-24T18:42:41+0000,TRUE,Friends_of_the_Bowie_Animal_Shelter
45733442,Miles,TX1772,Cat,Cat,Baby,adoptable,2019-08-24T17:01:52+0000,2019-08-24T17:01:52+0000,TRUE,BCS_Spay
45726374,Oliver,TX2392,Cat,Cat,Baby,adoptable,2019-08-23T22:26:50+0000,2019-08-23T22:26:50+0000,TRUE,Love_Beyond_the_Scars_Rescue_Sanctuary_
45725540,Ravioli,TX2392,Cat,Cat,Adult,adoptable,2019-08-23T21:51:56+0000,2019-08-23T21:51:56+0000,TRUE,Love_Beyond_the_Scars_Rescue_Sanctuary_
45724774,Esme,TX2392,Cat,Cat,Adult,adoptable,2019-08-23T20:49:15+0000,2019-08-23T20:49:15+0000,TRUE,Love_Beyond_the_Scars_Rescue_Sanctuary_
45685252,Nutmeg,TX1274,Dog,Dog,Adult,adoptable,2019-08-20T18:24:16+0000,2019-08-20T18:24:16+0000,TRUE,Jackson_County_Happy_Tails_Animal_Shelter
45685172,Cosmo,TX1735,Cat,Cat,Baby,adoptable,2019-08-20T18:16:36+0000,2019-08-20T18:16:36+0000,TRUE,Garland_Pawsibilities
45684955,Orion,TX1735,Cat,Cat,Baby,adoptable,2019-08-20T18:08:50+0000,2019-08-20T18:08:50+0000,FALSE,Garland_Pawsibilities
45682772,Smudge,TX1274,Dog,Dog,Baby,adopted,2019-08-20T15:18:51+0000,2019-08-20T15:18:51+0000,TRUE,Jackson_County_Happy_Tails_Animal_Shelter
45682764,Cherie,TX1274,Dog,Dog,Young,adopted,2019-08-20T15:13:49+0000,2019-08-20T15:13:49+0000,TRUE,Jackson_County_Happy_Tails_Animal_Shelter
45682731,Nancy,TX1274,Dog,Dog,Young,adopted,2019-08-20T15:11:39+0000,2019-08-20T15:11:39+0000,TRUE,Jackson_County_Happy_Tails_Animal_Shelter
45682719,Corkie,TX1274,Dog,Dog,Young,adopted,2019-08-20T15:09:04+0000,2019-08-20T15:09:04+0000,TRUE,Jackson_County_Happy_Tails_Animal_Shelter
45682605,Annie,TX1274,Dog,Dog,Adult,adopted,2019-08-20T15:07:14+0000,2019-08-20T15:07:14+0000,TRUE,Jackson_County_Happy_Tails_Animal_Shelter
45682518,Simon,TX1274,Cat,Cat,Baby,adoptable,2019-08-20T14:55:04+0000,2019-08-20T14:55:04+0000,TRUE,Jackson_County_Happy_Tails_Animal_Shelter
45682500,Simba,TX1274,Cat,Cat,Baby,adoptable,2019-08-20T14:52:58+0000,2019-08-20T14:52:58+0000,TRUE,Jackson_County_Happy_Tails_Animal_Shelter
45682492,Sammy,TX1274,Cat,Cat,Baby,adoptable,2019-08-20T14:51:00+0000,2019-08-20T14:51:00+0000,TRUE,Jackson_County_Happy_Tails_Animal_Shelter
45682460,Sara,TX1274,Cat,Cat,Baby,adoptable,2019-08-20T14:48:16+0000,2019-08-20T14:48:16+0000,TRUE,Jackson_County_Happy_Tails_Animal_Shelter
45675505,Jaz,TX1491,Dog,Dog,Baby,adoptable,2019-08-19T21:34:20+0000,2019-08-19T21:34:20+0000,TRUE,Sav_A_Pet_Inc_
45675433,Sydney,TX1491,Dog,Dog,Young,adoptable,2019-08-19T21:28:59+0000,2019-08-19T21:28:59+0000,TRUE,Sav_A_Pet_Inc_
45675399,Reese,TX1491,Dog,Dog,Baby,adoptable,2019-08-19T21:13:55+0000,2019-08-19T21:13:55+0000,TRUE,Sav_A_Pet_Inc_
45675384,Rylie_2,TX1491,Dog,Dog,Baby,adoptable,2019-08-19T21:09:00+0000,2019-08-19T21:09:00+0000,TRUE,Sav_A_Pet_Inc_
45675288,Tito,TX1193,Dog,Dog,Adult,adoptable,2019-08-19T21:06:35+0000,2019-08-19T21:06:35+0000,TRUE,Pawed_Squad
45675161,Laika,TX1491,Dog,Dog,Young,adoptable,2019-08-19T21:05:37+0000,2019-08-19T21:05:37+0000,TRUE,Sav_A_Pet_Inc_
45675131,Willa,TX1491,Dog,Dog,Young,adoptable,2019-08-19T20:54:19+0000,2019-08-19T20:54:19+0000,TRUE,Sav_A_Pet_Inc_
45675073,Colt,TX1491,Dog,Dog,Adult,adoptable,2019-08-19T20:48:56+0000,2019-08-19T20:48:56+0000,TRUE,Sav_A_Pet_Inc_
45674884,Gio,TX1491,Dog,Dog,Baby,adoptable,2019-08-19T20:41:43+0000,2019-08-19T20:41:43+0000,TRUE,Sav_A_Pet_Inc_
45665959,MaryAnne,TX1854,Dog,Dog,Young,adoptable,2019-08-18T20:29:31+0000,2019-08-18T20:29:31+0000,TRUE,Mason_s_Haven
45656598,Ozzy,TX2387,Dog,Dog,Adult,adoptable,2019-08-17T21:13:46+0000,2019-08-17T21:13:46+0000,TRUE,Smushy_Faces_Rescue_of_Texas_Inc
45656583,Buster,TX2387,Dog,Dog,Adult,adoptable,2019-08-17T21:04:13+0000,2019-08-17T21:04:13+0000,TRUE,Smushy_Faces_Rescue_of_Texas_Inc
45656517,Jujube,TX2387,Dog,Dog,Senior,adoptable,2019-08-17T20:44:34+0000,2019-08-17T20:44:34+0000,TRUE,Smushy_Faces_Rescue_of_Texas_Inc
45656492,Lou,TX2387,Dog,Dog,Adult,adoptable,2019-08-17T20:37:49+0000,2019-08-17T20:37:49+0000,TRUE,Smushy_Faces_Rescue_of_Texas_Inc
45656465,Gene,TX2387,Dog,Dog,Adult,adoptable,2019-08-17T20:33:05+0000,2019-08-17T20:33:05+0000,TRUE,Smushy_Faces_Rescue_of_Texas_Inc
45656453,Tommy,TX2387,Dog,Dog,Adult,adoptable,2019-08-17T20:27:12+0000,2019-08-17T20:27:12+0000,TRUE,Smushy_Faces_Rescue_of_Texas_Inc
45633120,Roxy,TX2341,Dog,Dog,Young,adoptable,2019-08-16T03:20:04+0000,2019-08-16T03:20:04+0000,TRUE,Living_the_Doxie_Dream_Rescue_and_Sanctuary
45633103,Athena,TX2341,Dog,Dog,Young,adoptable,2019-08-16T03:16:48+0000,2019-08-16T03:16:48+0000,TRUE,Living_the_Doxie_Dream_Rescue_and_Sanctuary
45602408,Kelsie,TX46,Dog,Dog,Adult,adoptable,2019-08-13T20:58:29+0000,2019-08-13T20:58:29+0000,FALSE,Animal_Defense_League_of_Texas
45602407,Lazzo,TX46,Dog,Dog,Adult,adoptable,2019-08-13T20:58:29+0000,2019-08-13T20:58:29+0000,FALSE,Animal_Defense_League_of_Texas
45602312,Brownie,TX46,Dog,Dog,Senior,adoptable,2019-08-13T20:43:27+0000,2019-08-13T20:43:27+0000,FALSE,Animal_Defense_League_of_Texas
45564156,Nero,TX1002,Dog,Dog,Adult,adoptable,2019-08-09T21:14:05+0000,2019-08-09T21:14:05+0000,FALSE,San_Antonio_Doberman_Advocacy_and_Rescue
45563545,Tommy,TX901,Cat,Cat,Adult,adoptable,2019-08-09T20:14:44+0000,2019-08-09T20:14:44+0000,TRUE,Kitty_Save
45563387,Prince_Harry,TX901,Cat,Cat,Adult,adoptable,2019-08-09T20:09:43+0000,2019-08-09T20:09:43+0000,TRUE,Kitty_Save
45563168,Peanut,TX901,Cat,Cat,Adult,adoptable,2019-08-09T20:00:57+0000,2019-08-09T20:00:57+0000,TRUE,Kitty_Save
45563109,Kiara,TX901,Cat,Cat,Young,adoptable,2019-08-09T19:53:01+0000,2019-08-09T19:53:01+0000,TRUE,Kitty_Save
45563080,Bogey,TX901,Cat,Cat,Baby,adoptable,2019-08-09T19:48:04+0000,2019-08-09T19:48:04+0000,TRUE,Kitty_Save
45563053,Bodie,TX901,Cat,Cat,Baby,adoptable,2019-08-09T19:45:56+0000,2019-08-09T19:45:56+0000,TRUE,Kitty_Save
45562371,Fredrik,TX139,Cat,Cat,Baby,adoptable,2019-08-09T18:55:50+0000,2019-08-09T18:55:50+0000,TRUE,PAL_Protective_Animal_League
45562370,Teddy,TX139,Cat,Cat,Adult,adoptable,2019-08-09T18:55:50+0000,2019-08-09T18:55:50+0000,TRUE,PAL_Protective_Animal_League
45535677,Coco,TX1491,Dog,Dog,Young,adoptable,2019-08-07T22:08:03+0000,2019-08-07T22:08:03+0000,TRUE,Sav_A_Pet_Inc_
45529301,Citrix,TX475,Dog,Dog,Adult,adopted,2019-08-07T14:55:40+0000,2019-08-12T17:54:29+0000,FALSE,Vidor_Animal_Control
45529049,Beso,TX475,Dog,Dog,Adult,adoptable,2019-08-07T14:39:56+0000,2019-08-07T14:39:56+0000,FALSE,Vidor_Animal_Control
45510853,Mercedes_aka_Merci_,TX1252,Dog,Dog,Young,adoptable,2019-08-05T22:49:44+0000,2019-08-05T22:49:44+0000,TRUE,Long_on_Love_Dachshund_Rescue
45510653,Phyllis,TX46,Cat,Cat,Adult,adoptable,2019-08-05T22:10:40+0000,2019-08-05T22:10:40+0000,FALSE,Animal_Defense_League_of_Texas
45510013,Roxie,TX46,Dog,Dog,Senior,adoptable,2019-08-05T21:10:29+0000,2019-08-05T21:10:29+0000,FALSE,Animal_Defense_League_of_Texas
45510014,Ramona,TX46,Dog,Dog,Adult,adopted,2019-08-05T21:10:29+0000,2019-08-05T23:11:15+0000,FALSE,Animal_Defense_League_of_Texas
45510015,Smokey,TX46,Dog,Dog,Adult,adoptable,2019-08-05T21:10:29+0000,2019-08-05T21:10:29+0000,FALSE,Animal_Defense_League_of_Texas
45509629,Julius,TX46,Dog,Dog,Adult,adoptable,2019-08-05T20:55:33+0000,2019-08-05T20:55:33+0000,FALSE,Animal_Defense_League_of_Texas
45509381,Demarco,TX46,Dog,Dog,Adult,adoptable,2019-08-05T20:40:25+0000,2019-08-05T20:40:25+0000,FALSE,Animal_Defense_League_of_Texas
45508599,Maxwell,TX46,Dog,Dog,Adult,adoptable,2019-08-05T19:25:42+0000,2019-08-05T19:25:42+0000,FALSE,Animal_Defense_League_of_Texas
45494304,Silhouette,TX466,Rabbit,Rabbit,Adult,adoptable,2019-08-04T02:26:42+0000,2019-08-04T02:26:42+0000,FALSE,Texas_Rustlers_Guinea_Pig_Rescue
45494251,Pommes_Frites,TX466,Rabbit,Rabbit,Adult,adoptable,2019-08-04T02:25:19+0000,2019-08-04T02:25:19+0000,FALSE,Texas_Rustlers_Guinea_Pig_Rescue
45494243,Hashbrown,TX466,Rabbit,Rabbit,Adult,adoptable,2019-08-04T02:19:28+0000,2019-08-04T02:19:28+0000,FALSE,Texas_Rustlers_Guinea_Pig_Rescue
45494228,Flop,TX466,Rabbit,Rabbit,Adult,adoptable,2019-08-04T02:16:23+0000,2019-08-04T02:16:23+0000,FALSE,Texas_Rustlers_Guinea_Pig_Rescue
45494222,Cinnabun,TX466,Rabbit,Rabbit,Adult,adoptable,2019-08-04T02:14:16+0000,2019-08-04T02:14:16+0000,FALSE,Texas_Rustlers_Guinea_Pig_Rescue
45494161,Bailey,TX466,Rabbit,Rabbit,Adult,adoptable,2019-08-04T02:11:55+0000,2019-08-04T02:11:55+0000,FALSE,Texas_Rustlers_Guinea_Pig_Rescue
45491549,Keiko,TX466,Small_Furry,Guinea_Pig,Adult,adoptable,2019-08-03T19:56:19+0000,2019-08-03T19:56:19+0000,FALSE,Texas_Rustlers_Guinea_Pig_Rescue
45491497,Squeaks,TX466,Small_Furry,Guinea_Pig,Adult,adoptable,2019-08-03T19:46:00+0000,2019-08-03T19:46:00+0000,FALSE,Texas_Rustlers_Guinea_Pig_Rescue
45489391,Roman,TX466,Small_Furry,Guinea_Pig,Adult,adoptable,2019-08-03T16:30:54+0000,2019-08-03T16:30:54+0000,FALSE,Texas_Rustlers_Guinea_Pig_Rescue
45489388,Pellegrino,TX466,Small_Furry,Guinea_Pig,Young,adoptable,2019-08-03T16:29:39+0000,2019-08-03T16:29:39+0000,FALSE,Texas_Rustlers_Guinea_Pig_Rescue
45489381,Mr_Happy_Mr_Tickle,TX466,Small_Furry,Guinea_Pig,Young,adoptable,2019-08-03T16:28:43+0000,2019-08-03T16:28:43+0000,FALSE,Texas_Rustlers_Guinea_Pig_Rescue
45489254,Jellybean,TX466,Small_Furry,Guinea_Pig,Adult,adoptable,2019-08-03T16:22:39+0000,2019-08-03T16:22:39+0000,FALSE,Texas_Rustlers_Guinea_Pig_Rescue
45489174,JD_Ricky,TX466,Small_Furry,Guinea_Pig,Senior,adoptable,2019-08-03T16:21:35+0000,2019-08-03T16:21:35+0000,FALSE,Texas_Rustlers_Guinea_Pig_Rescue
45489165,Hubba_Bubba_Bubble_Yum,TX466,Small_Furry,Guinea_Pig,Adult,adoptable,2019-08-03T16:20:24+0000,2019-08-03T16:20:24+0000,FALSE,Texas_Rustlers_Guinea_Pig_Rescue
45489157,Goguma_Ube,TX466,Small_Furry,Guinea_Pig,Adult,adoptable,2019-08-03T16:19:13+0000,2019-08-03T16:19:13+0000,FALSE,Texas_Rustlers_Guinea_Pig_Rescue
45489116,Belle,TX466,Small_Furry,Guinea_Pig,Senior,adoptable,2019-08-03T16:11:55+0000,2019-08-03T16:11:55+0000,FALSE,Texas_Rustlers_Guinea_Pig_Rescue
45465077,Danny,TX2341,Dog,Dog,Young,adoptable,2019-08-01T18:32:27+0000,2019-08-01T18:32:27+0000,TRUE,Living_the_Doxie_Dream_Rescue_and_Sanctuary
45465061,Roscoe,TX2341,Dog,Dog,Adult,adoptable,2019-08-01T18:29:57+0000,2019-08-01T18:29:57+0000,TRUE,Living_the_Doxie_Dream_Rescue_and_Sanctuary
45465052,Max,TX2341,Dog,Dog,Baby,adoptable,2019-08-01T18:26:45+0000,2019-08-01T18:26:45+0000,TRUE,Living_the_Doxie_Dream_Rescue_and_Sanctuary
45465049,Mandie,TX2341,Dog,Dog,Baby,adoptable,2019-08-01T18:25:10+0000,2019-08-01T18:25:10+0000,TRUE,Living_the_Doxie_Dream_Rescue_and_Sanctuary
45465044,Tippie,TX2341,Dog,Dog,Baby,adoptable,2019-08-01T18:24:15+0000,2019-08-01T18:24:15+0000,TRUE,Living_the_Doxie_Dream_Rescue_and_Sanctuary
45465031,Buster,TX2341,Dog,Dog,Baby,adoptable,2019-08-01T18:23:15+0000,2019-08-01T18:23:15+0000,TRUE,Living_the_Doxie_Dream_Rescue_and_Sanctuary
45465021,Peaches,TX2341,Dog,Dog,Baby,adoptable,2019-08-01T18:21:01+0000,2019-08-01T18:21:01+0000,TRUE,Living_the_Doxie_Dream_Rescue_and_Sanctuary
45465010,Vinnie,TX2341,Dog,Dog,Baby,adoptable,2019-08-01T18:20:05+0000,2019-08-01T18:20:05+0000,TRUE,Living_the_Doxie_Dream_Rescue_and_Sanctuary
45464957,Maggie,TX2341,Dog,Dog,Baby,adoptable,2019-08-01T18:18:34+0000,2019-08-01T18:18:34+0000,TRUE,Living_the_Doxie_Dream_Rescue_and_Sanctuary
45412049,Lily,TX1193,Dog,Dog,Adult,adoptable,2019-07-30T14:19:04+0000,2019-07-30T14:19:04+0000,TRUE,Pawed_Squad
45409614,Macy,TX46,Dog,Dog,Adult,adoptable,2019-07-30T07:56:25+0000,2019-07-30T07:56:25+0000,FALSE,Animal_Defense_League_of_Texas
45409613,Jeff,TX46,Dog,Dog,Senior,adoptable,2019-07-30T07:56:25+0000,2019-07-30T07:56:25+0000,FALSE,Animal_Defense_League_of_Texas
45409615,Fergie,TX46,Dog,Dog,Senior,adoptable,2019-07-30T07:56:25+0000,2019-07-30T07:56:25+0000,FALSE,Animal_Defense_League_of_Texas
45409611,Hans,TX46,Dog,Dog,Senior,adoptable,2019-07-30T07:56:25+0000,2019-07-30T07:56:25+0000,FALSE,Animal_Defense_League_of_Texas
45409612,Butch,TX46,Dog,Dog,Senior,adoptable,2019-07-30T07:56:25+0000,2019-07-30T07:56:25+0000,FALSE,Animal_Defense_League_of_Texas
45407212,Ringer,TX2182,Cat,Cat,Baby,adoptable,2019-07-30T01:02:21+0000,2019-07-30T01:02:21+0000,TRUE,Bastrop_C_A_T_S_
45407175,Leo,TX2182,Cat,Cat,Baby,adoptable,2019-07-30T00:56:14+0000,2019-07-30T00:56:14+0000,TRUE,Bastrop_C_A_T_S_
45396253,spuds,TX1257,Dog,Dog,Young,adoptable,2019-07-28T12:59:59+0000,2019-07-28T12:59:59+0000,TRUE,Shaggy_Dog_Rescue
45389086,Jerry,TX1841,Dog,Dog,Adult,adopted,2019-07-28T02:02:56+0000,2019-08-08T20:13:54+0000,TRUE,Tysons_Pals_Rescue
45389084,Jerry,TX1841,Dog,Dog,Adult,adopted,2019-07-28T02:01:47+0000,2019-08-08T20:13:54+0000,TRUE,Tysons_Pals_Rescue
45389081,Jerry,TX1841,Dog,Dog,Adult,adopted,2019-07-28T02:00:14+0000,2019-08-08T20:13:54+0000,TRUE,Tysons_Pals_Rescue
45389079,Jerry,TX1841,Dog,Dog,Adult,adopted,2019-07-28T01:58:09+0000,2019-08-08T20:13:55+0000,TRUE,Tysons_Pals_Rescue
45389077,Jerry,TX1841,Dog,Dog,Adult,adopted,2019-07-28T01:55:52+0000,2019-08-08T20:13:55+0000,TRUE,Tysons_Pals_Rescue
45389075,Jerry,TX1841,Dog,Dog,Adult,adopted,2019-07-28T01:53:42+0000,2019-08-08T20:13:55+0000,TRUE,Tysons_Pals_Rescue
45389072,Jerry,TX1841,Dog,Dog,Adult,adopted,2019-07-28T01:51:55+0000,2019-08-08T20:13:56+0000,TRUE,Tysons_Pals_Rescue
45389069,Jerry,TX1841,Dog,Dog,Adult,adopted,2019-07-28T01:48:56+0000,2019-08-08T20:13:56+0000,TRUE,Tysons_Pals_Rescue
45389068,Jerry,TX1841,Dog,Dog,Adult,adopted,2019-07-28T01:47:29+0000,2019-08-08T20:13:56+0000,TRUE,Tysons_Pals_Rescue
45389064,Jerry,TX1841,Dog,Dog,Adult,adopted,2019-07-28T01:45:57+0000,2019-08-08T20:13:56+0000,TRUE,Tysons_Pals_Rescue
45389050,Jerry,TX1841,Dog,Dog,Adult,adopted,2019-07-28T01:44:03+0000,2019-08-08T20:14:44+0000,TRUE,Tysons_Pals_Rescue
45389043,Tom,TX1841,Dog,Dog,Adult,adoptable,2019-07-28T01:39:57+0000,2019-07-28T01:39:57+0000,TRUE,Tysons_Pals_Rescue
45389033,Tom,TX1841,Dog,Dog,Adult,adoptable,2019-07-28T01:36:23+0000,2019-07-28T01:36:23+0000,TRUE,Tysons_Pals_Rescue
45389029,Tom,TX1841,Dog,Dog,Adult,adoptable,2019-07-28T01:34:55+0000,2019-07-28T01:34:55+0000,TRUE,Tysons_Pals_Rescue
45389021,Tom,TX1841,Dog,Dog,Adult,adoptable,2019-07-28T01:32:54+0000,2019-07-28T01:32:54+0000,TRUE,Tysons_Pals_Rescue
45389000,Tom,TX1841,Dog,Dog,Adult,adoptable,2019-07-28T01:21:19+0000,2019-07-28T01:21:19+0000,TRUE,Tysons_Pals_Rescue
45388997,Tom,TX1841,Dog,Dog,Adult,adoptable,2019-07-28T01:19:42+0000,2019-07-28T01:19:42+0000,FALSE,Tysons_Pals_Rescue
45388992,Tom,TX1841,Dog,Dog,Adult,adoptable,2019-07-28T01:16:12+0000,2019-07-28T01:16:12+0000,FALSE,Tysons_Pals_Rescue
45388986,Tom,TX1841,Dog,Dog,Adult,adoptable,2019-07-28T01:12:39+0000,2019-07-28T01:12:39+0000,FALSE,Tysons_Pals_Rescue
45388979,Tom,TX1841,Dog,Dog,Adult,adoptable,2019-07-28T01:01:45+0000,2019-07-28T01:01:45+0000,FALSE,Tysons_Pals_Rescue
45371672,Jerico,TX2387,Dog,Dog,Young,adopted,2019-07-26T02:05:53+0000,2019-08-16T22:09:06+0000,TRUE,Smushy_Faces_Rescue_of_Texas_Inc
45371637,Demi,TX2387,Dog,Dog,Young,adopted,2019-07-26T01:54:10+0000,2019-08-25T22:54:02+0000,TRUE,Smushy_Faces_Rescue_of_Texas_Inc
45371613,Stella,TX2387,Dog,Dog,Adult,adopted,2019-07-26T01:48:24+0000,2019-08-16T22:09:33+0000,TRUE,Smushy_Faces_Rescue_of_Texas_Inc
45371572,Roscoe,TX2387,Dog,Dog,Adult,adoptable,2019-07-26T01:27:45+0000,2019-07-26T01:27:45+0000,TRUE,Smushy_Faces_Rescue_of_Texas_Inc
45366373,Lupe,TX46,Dog,Dog,Adult,adoptable,2019-07-25T21:20:40+0000,2019-07-25T21:20:40+0000,FALSE,Animal_Defense_League_of_Texas
45366372,Eva,TX46,Dog,Dog,Adult,adoptable,2019-07-25T21:20:40+0000,2019-07-25T21:20:40+0000,FALSE,Animal_Defense_League_of_Texas
45366374,Chester,TX46,Dog,Dog,Adult,adopted,2019-07-25T21:20:40+0000,2019-07-30T07:56:26+0000,FALSE,Animal_Defense_League_of_Texas
45361493,Miley,TX1773,Dog,Dog,Young,adoptable,2019-07-25T14:41:29+0000,2019-07-25T14:41:29+0000,TRUE,Miniature_Pinscher_Rescue_Houston
45361408,Gizmo,TX1773,Dog,Dog,Young,adoptable,2019-07-25T14:05:42+0000,2019-07-25T14:05:42+0000,TRUE,Miniature_Pinscher_Rescue_Houston
45361301,Rueger_ADOPTED_,TX1773,Dog,Dog,Baby,adoptable,2019-07-25T13:27:19+0000,2019-07-25T13:27:19+0000,TRUE,Miniature_Pinscher_Rescue_Houston
45361281,Casey_ADOPTED_,TX1773,Dog,Dog,Young,adoptable,2019-07-25T13:11:03+0000,2019-07-25T13:11:03+0000,TRUE,Miniature_Pinscher_Rescue_Houston
45361268,Portia_ADOPTED_,TX1773,Dog,Dog,Adult,adoptable,2019-07-25T13:06:45+0000,2019-07-25T13:06:45+0000,TRUE,Miniature_Pinscher_Rescue_Houston
45361263,Tilly_ADOPTED_,TX1773,Dog,Dog,Young,adoptable,2019-07-25T12:58:21+0000,2019-07-25T12:58:21+0000,TRUE,Miniature_Pinscher_Rescue_Houston
45361241,Gidget_ADOPTED_,TX1773,Dog,Dog,Young,adoptable,2019-07-25T12:52:42+0000,2019-07-25T12:52:42+0000,TRUE,Miniature_Pinscher_Rescue_Houston
45361233,Pepper_ADOPTED_,TX1773,Dog,Dog,Adult,adoptable,2019-07-25T12:48:38+0000,2019-07-25T12:48:38+0000,TRUE,Miniature_Pinscher_Rescue_Houston
45354530,Nix,TX46,Dog,Dog,Young,adoptable,2019-07-24T19:13:47+0000,2019-07-24T19:13:47+0000,FALSE,Animal_Defense_League_of_Texas
45354536,Ellie,TX46,Dog,Dog,Senior,adopted,2019-07-24T19:13:47+0000,2019-08-05T14:53:23+0000,FALSE,Animal_Defense_League_of_Texas
45354535,Margot,TX46,Dog,Dog,Adult,adopted,2019-07-24T19:13:47+0000,2019-08-05T14:53:23+0000,FALSE,Animal_Defense_League_of_Texas
45354538,Regina,TX46,Dog,Dog,Young,adoptable,2019-07-24T19:13:47+0000,2019-07-24T19:13:47+0000,FALSE,Animal_Defense_League_of_Texas
45354533,Mike,TX46,Cat,Cat,Adult,adopted,2019-07-24T19:13:47+0000,2019-07-28T10:27:16+0000,FALSE,Animal_Defense_League_of_Texas
45354532,Venus,TX46,Cat,Cat,Adult,adoptable,2019-07-24T19:13:47+0000,2019-07-24T19:13:47+0000,FALSE,Animal_Defense_League_of_Texas
45354537,Aqua,TX46,Cat,Cat,Adult,adopted,2019-07-24T19:13:47+0000,2019-08-06T19:00:46+0000,FALSE,Animal_Defense_League_of_Texas
45354531,Crissy,TX46,Cat,Cat,Adult,adoptable,2019-07-24T19:13:47+0000,2019-07-24T19:13:47+0000,FALSE,Animal_Defense_League_of_Texas
45354534,Laura,TX46,Dog,Dog,Adult,adopted,2019-07-24T19:13:47+0000,2019-08-13T14:52:48+0000,FALSE,Animal_Defense_League_of_Texas
45354529,Ziva,TX46,Cat,Cat,Senior,adoptable,2019-07-24T19:13:47+0000,2019-07-24T19:13:47+0000,FALSE,Animal_Defense_League_of_Texas
45354539,Speedy,TX46,Cat,Cat,Adult,adopted,2019-07-24T19:13:47+0000,2019-07-31T18:25:33+0000,FALSE,Animal_Defense_League_of_Texas
45344869,Wally,TX46,Dog,Dog,Senior,adopted,2019-07-23T20:04:48+0000,2019-08-06T19:00:45+0000,FALSE,Animal_Defense_League_of_Texas
45344868,Splinter,TX46,Dog,Dog,Senior,adoptable,2019-07-23T20:04:48+0000,2019-07-23T20:04:48+0000,FALSE,Animal_Defense_League_of_Texas
45344865,Heidi,TX46,Dog,Dog,Adult,adoptable,2019-07-23T20:04:48+0000,2019-07-23T20:04:48+0000,FALSE,Animal_Defense_League_of_Texas
45344866,Onya,TX46,Cat,Cat,Young,adoptable,2019-07-23T20:04:48+0000,2019-07-23T20:04:48+0000,FALSE,Animal_Defense_League_of_Texas
45344867,Ritzi,TX46,Dog,Dog,Adult,adoptable,2019-07-23T20:04:48+0000,2019-07-23T20:04:48+0000,FALSE,Animal_Defense_League_of_Texas
45343063,Bengi,TX494,Dog,Dog,Adult,adopted,2019-07-23T19:24:17+0000,2019-08-06T00:58:33+0000,FALSE,Texarkana_Humane_Society
45337509,Peso,TX46,Dog,Dog,Adult,adoptable,2019-07-22T22:48:39+0000,2019-07-22T22:48:39+0000,FALSE,Animal_Defense_League_of_Texas
45337507,Dianne,TX46,Cat,Cat,Adult,adopted,2019-07-22T22:48:38+0000,2019-08-15T14:42:43+0000,FALSE,Animal_Defense_League_of_Texas
45337508,Germany,TX46,Dog,Dog,Adult,adoptable,2019-07-22T22:48:38+0000,2019-07-22T22:48:38+0000,FALSE,Animal_Defense_League_of_Texas
45329896,Lennox,TX1002,Dog,Dog,Young,adoptable,2019-07-22T00:32:57+0000,2019-07-22T00:32:57+0000,FALSE,San_Antonio_Doberman_Advocacy_and_Rescue
45322459,Kesha,TX1819,Dog,Dog,Adult,adoptable,2019-07-21T00:35:59+0000,2019-07-21T00:35:59+0000,TRUE,Stray_Acres_Sanctuary_and_Animal_Rescue
45321300,Lorelei,TX1297,Dog,Dog,Adult,adoptable,2019-07-20T18:01:25+0000,2019-07-20T18:01:25+0000,TRUE,Saving_Grace_Pit_Bull_Rescue
45283354,Brody,TX2289,Dog,Dog,Baby,adopted,2019-07-19T22:02:17+0000,2019-07-28T13:34:54+0000,TRUE,City_of_Waller_Animal_Shelter
45302962,Ginger,TX46,Cat,Cat,Adult,adoptable,2019-07-19T08:33:40+0000,2019-07-19T08:33:40+0000,FALSE,Animal_Defense_League_of_Texas
45302965,Vera,TX46,Dog,Dog,Adult,adopted,2019-07-19T08:33:40+0000,2019-08-05T14:53:22+0000,FALSE,Animal_Defense_League_of_Texas
45302964,Delilah,TX46,Cat,Cat,Adult,adopted,2019-07-19T08:33:40+0000,2019-08-02T14:43:28+0000,FALSE,Animal_Defense_League_of_Texas
45302963,Bianca,TX46,Cat,Cat,Adult,adoptable,2019-07-19T08:33:40+0000,2019-07-19T08:33:40+0000,FALSE,Animal_Defense_League_of_Texas
45296101,Cindy_Lou,TX2229,Dog,Dog,Baby,adopted,2019-07-18T20:30:38+0000,2019-08-13T19:22:01+0000,TRUE,Texas_Critter_Crusaders
45290347,Duke,TX46,Dog,Dog,Adult,adopted,2019-07-18T12:45:31+0000,2019-07-22T22:48:40+0000,FALSE,Animal_Defense_League_of_Texas
45290348,Frenchie,TX46,Cat,Cat,Adult,adopted,2019-07-18T12:45:31+0000,2019-08-06T19:15:30+0000,FALSE,Animal_Defense_League_of_Texas
45289836,Cookie,TX1002,Dog,Dog,Adult,adoptable,2019-07-18T12:27:13+0000,2019-07-18T12:27:13+0000,TRUE,San_Antonio_Doberman_Advocacy_and_Rescue
45278071,Barney,TX2289,Dog,Dog,Baby,adoptable,2019-07-17T15:00:29+0000,2019-07-17T15:00:29+0000,TRUE,City_of_Waller_Animal_Shelter
45278098,Fred,TX2289,Dog,Dog,Baby,adoptable,2019-07-17T14:58:00+0000,2019-07-17T14:58:00+0000,TRUE,City_of_Waller_Animal_Shelter
45281371,Moose,TX46,Dog,Dog,Senior,adoptable,2019-07-17T14:05:39+0000,2019-07-17T14:05:39+0000,FALSE,Animal_Defense_League_of_Texas
45281373,Stasha,TX46,Dog,Dog,Adult,adoptable,2019-07-17T14:05:39+0000,2019-07-17T14:05:39+0000,FALSE,Animal_Defense_League_of_Texas
45281372,Ollie,TX46,Dog,Dog,Adult,adoptable,2019-07-17T14:05:39+0000,2019-07-17T14:05:39+0000,FALSE,Animal_Defense_League_of_Texas
45281370,Libby,TX46,Dog,Dog,Senior,adopted,2019-07-17T14:05:39+0000,2019-08-01T21:50:51+0000,FALSE,Animal_Defense_League_of_Texas
45273558,Ryann,TX46,Cat,Cat,Adult,adopted,2019-07-16T15:59:33+0000,2019-07-22T22:48:40+0000,FALSE,Animal_Defense_League_of_Texas
45273562,Gretchen,TX46,Dog,Dog,Adult,adopted,2019-07-16T15:59:33+0000,2019-07-22T22:48:40+0000,FALSE,Animal_Defense_League_of_Texas
45273557,Maxie,TX46,Dog,Dog,Adult,adoptable,2019-07-16T15:59:33+0000,2019-07-16T15:59:33+0000,FALSE,Animal_Defense_League_of_Texas
45273561,Hellen,TX46,Dog,Dog,Adult,adoptable,2019-07-16T15:59:33+0000,2019-07-16T15:59:33+0000,FALSE,Animal_Defense_League_of_Texas
45273560,Dale,TX46,Dog,Dog,Adult,adopted,2019-07-16T15:59:33+0000,2019-07-22T22:48:40+0000,FALSE,Animal_Defense_League_of_Texas
45273559,Cyrus,TX46,Dog,Dog,Adult,adopted,2019-07-16T15:59:33+0000,2019-08-06T19:15:30+0000,FALSE,Animal_Defense_League_of_Texas
45273305,Edison,TX898,Dog,Dog,Adult,adoptable,2019-07-16T15:53:59+0000,2019-07-16T15:53:59+0000,TRUE,Austin_Boxer_Rescue
45273258,Melvin,TX898,Dog,Dog,Adult,adoptable,2019-07-16T15:51:59+0000,2019-07-16T15:51:59+0000,TRUE,Austin_Boxer_Rescue
45273223,Happy_Go_Lucky,TX898,Dog,Dog,Adult,adoptable,2019-07-16T15:51:04+0000,2019-07-16T15:51:04+0000,TRUE,Austin_Boxer_Rescue
45273132,Sappho,TX898,Dog,Dog,Adult,adoptable,2019-07-16T15:47:27+0000,2019-07-16T15:47:27+0000,TRUE,Austin_Boxer_Rescue
45273121,Echo,TX898,Dog,Dog,Adult,adoptable,2019-07-16T15:46:44+0000,2019-07-16T15:46:44+0000,TRUE,Austin_Boxer_Rescue
45273069,Bagheera,TX898,Dog,Dog,Adult,adoptable,2019-07-16T15:45:45+0000,2019-07-16T15:45:45+0000,TRUE,Austin_Boxer_Rescue
45272636,Gentleman_Jim,TX898,Dog,Dog,Adult,adoptable,2019-07-16T15:29:24+0000,2019-07-16T15:29:24+0000,TRUE,Austin_Boxer_Rescue
45272591,Bugsy,TX898,Dog,Dog,Adult,adoptable,2019-07-16T15:28:10+0000,2019-07-16T15:28:10+0000,TRUE,Austin_Boxer_Rescue
45272504,Luna,TX898,Dog,Dog,Adult,adoptable,2019-07-16T15:25:34+0000,2019-07-16T15:25:34+0000,TRUE,Austin_Boxer_Rescue
45272403,Jake,TX898,Dog,Dog,Adult,adoptable,2019-07-16T15:22:48+0000,2019-07-16T15:22:48+0000,TRUE,Austin_Boxer_Rescue
45272303,Ferrari,TX898,Dog,Dog,Adult,adoptable,2019-07-16T15:18:18+0000,2019-07-16T15:18:18+0000,TRUE,Austin_Boxer_Rescue
45272256,Twizzler,TX898,Dog,Dog,Adult,adoptable,2019-07-16T15:17:29+0000,2019-07-16T15:17:29+0000,TRUE,Austin_Boxer_Rescue
45270581,Jill,TX316,Cat,Cat,Senior,adoptable,2019-07-16T02:16:47+0000,2019-07-16T02:16:47+0000,FALSE,Paws_Claws_Rescue_Inc_
45270477,Jack,TX316,Cat,Cat,Senior,adoptable,2019-07-16T01:45:01+0000,2019-07-16T01:45:01+0000,FALSE,Paws_Claws_Rescue_Inc_
45250593,Octavia,TX2182,Cat,Cat,Adult,adoptable,2019-07-13T20:22:55+0000,2019-07-13T20:22:55+0000,TRUE,Bastrop_C_A_T_S_
45250128,Hazel,TX1297,Dog,Dog,Adult,adoptable,2019-07-13T17:49:39+0000,2019-07-13T17:49:39+0000,FALSE,Saving_Grace_Pit_Bull_Rescue
45249356,Ellie_Jax,TX1193,Dog,Dog,Adult,adopted,2019-07-13T12:36:02+0000,2019-08-17T13:33:04+0000,TRUE,Pawed_Squad
